BNPT Ungkap Ada Perubahan Pola dan Modus Aksi Terorisme,"JAKARTA - Kecanggihan teknologi dan informasi telah dimanfaatkan kelompok teroris dalam menyebarkan pesan kekerasan dan rekrutmen anggota mereka. Menurut Badan Nasional Penanggulangan Terorisme (BNPT) terjadi perubahan pola dan modus terorisme.Karena itu, dalam melawan terorisme tidak hanya sekadar mewaspadai panggung aksi kekerasan mereka saja. Tetapi juga harus mewaspadai panggung narasi kekerasan yang tersebar di dunia maya.Hal itu diungkapkan Deputi Pencegahan, Perlindungan, dan Deradikalisasi BNPT Mayjen TNI Hendri Paruhuman Lubis saat membuka “Regional Workshop on Establishing Youth Ambassadors for Peace Against Terrorism and Violent Extremism” di Jakarta, kemarin.Baca Juga:Gawagis Nusantara Ajak Umat Tak Terpancing People PowerJalan Berliku Pembangunan Alun-Alun SuroboyoMenurut Hendri, aksi kekerasan dan terorisme bisa dicegah dan diamputasi melalui upaya penindakan dan penegakan hukum. Namun narasi kekerasan dan terorisme yang masif serta viral di dunia maya sulit untuk ditanggulangi. “Sesungguhnya melawan terorisme saat ini adalah melawan narasi kekerasan yang mudah mempengaruhi semua lapisan masyarakat. Pasalnya, tidak ada orang yang kebal dari pengaruh ideologi dan indoktrinasi kecuali mempunyai imunitas dan kecerdasan dalam menangkalnya,” tandas Hendri.Karena itu, BNPT menunjuk 110 para generasi muda lintas negara menjadi Duta Damai Dunia Maya Asia Tenggara. Sebanyak 50 orang berasal dari negara-negara Asia Tenggara yaitu Thailand, Malaysia, Singapura, Filipina, Kamboja, Vietnam, Brunei Darussalam, dan Laos. Sisanya, sebanyak 60 duta berasal dari Indonesia.Mereka kemarin dilantik dan berkumpul di Jakarta untuk mengikuti “Regional Workshop on Establishing Youth Ambassadors for Peace Against Terrorism and Violent Extremism” atau Workshop Pelatihan Duta Damai Dunia Maya Asia Tenggara 2019.Saat ini ada 780 generasi muda Indonesia dari 13 provinsi telah bergabung dalam duta damai dunia yang dibentuk sejak 2016 lalu.“Kami sengaja memperluas Duta Damai Dunia Maya ke kawasan Asia Tenggara karena saat ini seluruh negara di dunia sedang menghadapi perubahan pola dan modus terorisme dari cara lama ke cara baru,” ungkapnya.Hendri mengatakan, dalam perang narasi kekerasan dan teror di dunia maya, maka generasi muda merupakan kelompok yang paling rentan karena secara demografi pengguna terbesar dunia maya adalah generasi muda. Itu akan sangat berbahaya bila tidak ditangkal melalui upaya peningkatan kapasitas dan kemampuan literasi media dan literasi digital.“Generasi muda adalah kelompok usia yang sedang mencari jati diri, identitas, dan idealisme. Apabila dalam proses itu mereka selalu bersinggungan dengan narasi kekerasan, maka akan menimbulkan apa yang disebut self radicalization melalui dunia maya,” tandasnya.Direktur Pencegahan BNPT Hamli mengatakan, sejauh ini Duta Damai Dunia Maya di Indonesia dan para pegiat perdamaian di dunia maya sudah melakukan kontra narasi di dunia maya. Dan itu sangat efektif dalam memerangi propaganda terorisme dan ekstremisme di dunia maya. “Dengan adanya Duta Damai Dunia Maya Asia Tenggara ini, maka kita bisa berkolaborasi dan berbagi peran dalam melawan propaganda terorisme dan ektremisme di dunia maya dalam ruang yang lebih luas lagi,” tandasnya.Terkait efektifitas kontranarasi dalam memerangi radikalisme dan terorisme di dunia maya, Hamli menilai hal itu masih perlu penelitian lebih lanjut. Tetapi, menurut dia, harus dipahami bahwa semakin banyak pihak yang saat ini juga memasuki cyber space, terutama dari kelompok moderat yang memiliki kemampuan IT, DKV, dan blogger terinspirasi oleh keberadaan Duta Damai Dunia Maya.(msd)"
Semen Indonesia Ajak Gererasi Milineal Berbagi Insiprasi,"SURABAYA - Sebagai rangkaian HUT ke-21 Kementerian BUMN, PT Semen Indonesia (Persero) Tbk menggelar acara BUMN Goes to Campus di Universitas Bung Hatta Bypass Aia Pacah Padang, Sumatera Barat.Kota Padang menjadi salah satu tuan rumah BUMN Goes to Campus dari delapan kota yang menggelar program serupa yaitu Medan, Riau, Bengkulu, Palembang, Majalengka, Karawang, Tasikmalaya dan Sukabumi.Kegiatan ini diikuti 3.000 mahasiswa dari berbagai Universitas di Sumatera Barat. Sejumlah pejabat menghadiri acara tersebut, antara lain Deputi Bidang Usaha Energi, Logistik, Kawasan dan Pariwisata Kementerian BUMN Edwin Hidayat Abdullah, Direktur Utama Semen Indonesia Hendi Prio Santoso, Direktur Marketing dan Supply Chain Semen Indonesia Adi Munandir.Baca Juga:Perkenalkan, Ini 12 Karya Fashion Teranyar Suqma X MelodyAvengers: Endgame Akan Tayang Besok, Ini 7 Fakta MenariknyaGubernur Sumatera Barat Irwan Prayitno, Komisaris Semen Padang Prof. Werry Darta Taifur dan Khairul Jasmi, Direktur Utama Semen Padang Yosviandri, Direktur Operasional Semen Padang Firdaus beserta Direktur Keuangan Semen Padang Tri Hartono Rianto. Kegiatan BGTC di Kota Padang diawali rangkaian BUMN Got Talent, Vlog Competition dan Future CEO Competition.Semen Indonesia juga memberikan bantuan renovasi laboratorium Teknik Sipil senilai Rp1 miliar serta beasiswa bagi 10 mahasiswa berprestasi senilai total Rp100 juta. Bantuan tersebut diharapkan dapat mendukung proses belajar dan kompetensi mahasiswa. Puncak acara BUMN Goes to Campus ini diisi dengan acara sharing session Bersama CEO BUMN, Millenials BUMN dan Young Entrepreneur Nasional Gita Gutawa. Direktur Marketing dan Supply Chain Semen Indonesia, Adi Munandir mengatakan bahwa kegiatan BUMN Goes To Campus merupakan ajang berbagi inspirasi dan pengalaman bagi generasi millennials dengan para narasumber yang berkompeten di bidangnya. Melalui kegiatan ini, Semen Indonesia memberikan pemahaman mengenai kondisi perekonomian nasional dan peran strategis BUMN dalam pembangunan, serta bagaimana praktik dalam dunia kerja khususnya BUMN.Menurutnya, generasi millennials merupakan penerus bangsa yang akan melanjutkan masa depan BUMN. Para mahasiswa merupakan bagian penting dari generasi penerus bangsa yang diharapkan mampu mengubah bangsa Indonesia menjadi bangsa yang lebih baik, bangsa yang adil, makmur serta sejahtera. Adi Munandir mengatakan, dengan digelarnya kegiatan ini, Perusahaan BUMN dan perguruan tinggi senantiasa dapat melakukan kerjasama yang bersifat mutualisme. Peran positif dari perusahaan kepada perguruan tinggi diharapkan dapat memberi dampak yang positif dalam pengembangan keilmuan bagi mahasiswa.Gubernur Sumatera Barat, Irwan Prayitno, mengapresiasi kegiatan ini. Menurutnya, keberadaan Semen Padang yang merupakan bagian dari Semen Indonesia tidak hanya berdampak kepada penguatan SDM, lebih penting kepada ekonomi. Dampak Semen Padang ke ekonomi Sumbar sangat luar biasa, ujarnya.(msd)"
Kementerian Kesehatan Siap Beri Perhatian Khusus Caleg Stres,"JAKARTA - Kementerian Kesehatan akan memberikan perhatian khusus jika terjadi kasus calon legislatif (caleg) stres seusai perhelatan pemilihan umum (Pemilu).Direktur Pencegahan dan Pengendalian Masalah Kesehatan Jiwa dan Napza, Kementerian Kesehatan (Kemenkes) RI, dr. Fidiansjah menjelaskan, penyebab stres yang terjadi pada setiap individu tidak bisa diprediksi. Yang jelas, begitu daya tahannya rapuh, konsep dalam diri seseorang terjadi suatu gejolak antara cita-cita dan harapan, lalu realitas tak terpenuhi.""Orang-orang yang rapuh menghadapi antara realitas dengan kenyataan bukan hanya pada pemilu. Tapi terjadi di semua kondisi. Untuk itu, prinsipnya di dalam penyeleksian pasti mengalami kemenangan atau kegagalan. Maka kesiapan menerima kenyataan karena tidak sesuai yang diharapan harus bisa menerima. Prinsip pertamanya itu siap kalah dan menang,"" tutur dr. Fidi.Baca Juga:Perkenalkan, Ini 12 Karya Fashion Teranyar Suqma X MelodyAvengers: Endgame Akan Tayang Besok, Ini 7 Fakta MenariknyaKetika Caleg mengatakan proses ingin menjadi calon, kata dr. Fidi, itu ada surat keterangan kesehatan termasuk kejiwaan. Terjadinya stres pasca pemilu dianggapnya sebagai sebuah kejadian yang tidak biasa atau dianalogikan seperti bencana alam yang tidak dapat diprediksi.Artinya, kejadian tidak lazim termasuk stress pasca Pemilu sama dengan stress pasca bencana. Bencana itu tidak ada yang menduga, hal sama juga pada Pemilu.""Ini sebuah situasi yang diketahui banyak pihak sebagai sesuatu seperti kejadian yang tidak biasa atau bencana. Proses ini (Pemilu) adalah proses persaingan dan gangguan jiwa itu bisa terjadi dari ringan sampai tingkat berat,"" jelasnya.Berapa banyak jumlah Caleg yang akan mengalami stress, dr. Fidi mengaku tidak bisa diprediksi. Namun, sektor kesehatan tetap siaga untuk melayani masalah-masalah yang berhubungan dengan kejiwaan pasca Pemilu serentak ini.Semua rumah sakit sudah diberikan arahan untuk betul-betul menyiapkan, bahkan mencoba untuk melakukan pengumpulan data berkaitan dengan gangguan jiwa.""Ini situasi yang saya katakan pada dasaranya rumah sakit, seperti rumah sakit jiwa, siap dengan kejadian yang tidak biasa ini. Tapi, langsung melakukan sebuah penyesuaian, misalnya rumah sakit umum, Puskesmas, semuanya diberdayakan,"" tutup dr. Fidi.(msd)"
"Mudik Lebaran, Operator Tol Trans Jawa Diminta Tingkatkan Layanan","JAKARTA - Operator tol Trans Jawa diminta meningkatkan layanan selama musim mudik Lebaran 2019. Salah satu layanan yang harus diperbaiki adalah sistem transaksi di gardu tol agar lebih efisien dan efektif. Di sejumlah titik diperdiksi masih berpotensi macet.“Salah satunya adalah meningkatkan efisiensi layanan transaksi di jalan tol yang saat ini sudah terhubung dari Jakarta hingga Probolinggo untuk Trans Jawa. Prediksinya ini akan menjadi jalur yang ramai,” kata Kepala Badan Pengatur Jalan Tol (BPJT) Kementerian Pekerjaan Umum dan Perumahan Rakyat (PUPR) Danang Parikesit di Jakarta.Dia menambahkan, berdasarkan hasil koordinasi dengan pengelola jalan tol di jalur Trans Jawa akan dilakukan relokasi untuk beberapa gerbang yang terdampak pembangunan konstruksi tol Jakarta–Cikampek II (elevated), light rail transit (LRT) Jabodebek maupun kereta cepat Jakarta–Bandung.Baca Juga:Gawagis Nusantara Ajak Umat Tak Terpancing People PowerJalan Berliku Pembangunan Alun-Alun SuroboyoSelain itu, berdasarkan hasil Survei Potensi Pemudik 2019 dari Kementerian Perhubungan (Kemenhub), ada beberapa titik lain yang juga rawan macet antara lain di gerbang tol (GT) Merak, GT Cigombong (Bogor), GT Kali Kangkung (Semarang), GT Colomadu (Solo), GT Ngawi (Jawa Timur), dan lokasi-lokasi wisata.“Di Cikarang Utama misalnya, gerbang tol ini sebelumnya berada di Km 29 di jalur Jakarta–Cikampek, direlokasi ke GT Cikampek Utama Km 70 dan GT Kalihurip Utama di Km 67,” ujarnya. Dia menambahkan, meski mengalami relokasi, pemindahan GT tersebut tidak akan mengubah besaran tarif tol. “Jadi tidak akan ada perubahan tarif meski ada relokasi gerbang tol,” pungkasnya.Corporate Communication Department Head PT Jasa Marga Irra Soenardi mengatakan, antisipasi lonjakan kepadatan di jalur tol Jakarta–Cikampek telah dilakukan sebagai dampak dari pembangunan konstruksi di sekitarnya.“Jadi antisipasinya pergeseran gerbang tol, fokus di rest area, juga mendorong pengguna jalan dapat menikmati perjalanannya dengan mengunjungi destinasi wisata atau sekadar kulineran di sepanjang exit tol Trans Jawa, sehingga tidak lagi bertumpuk di rest area yang ada di dalam tol saja,” ujarnya.Strategi lain yang dilakukan Jasa Marga di antaranya antisipasi sejumlah gerbang tol barrier Trans Jawa akibat euforia masyarakat untuk mencoba jalur tol baru. “Kami lihat keinginan masyarakat melewati jalur tol Trans Jawa masih besar. Makanya strategi lain, kita fokus juga pada safety atau keselamatan dengan sosialisasi terus-menerus,” ungkapnya.Dia menambahkan, pihaknya akan selalu melalukan pembaruan informasi mengenai kondisi terkini daerah rawan macet maupun titik-titik yang berpotensi kemacetan. Sebagai informasi, saat ini sistem transaksi pembayaran pada jalan tol Jakarta-Cikampek terdiri atas dua jenis transaksi, yaitu sistem transaksi terbuka pada ruas Jakarta–Cikarang Barat dan transaksi tertutup pada ruas Cikarang Barat–Cikampek yang dilakukan pada GT Cikarang Utama, sehingga menimbulkan antrean panjang di gerbang tol.Demikian juga pengguna tol Cikampek yang menuju Bandung maupun Palimanan, juga harus antre saat transaksi sehingga menambah antrean di GT Cikarang Utama. Pembangunan GT Cikampek Utama di Kn 70 nantinya akan melayani transaksi pembayaran kendaraan yang menuju ke Palimanan.Kemudian, GT Kalihurip Utama di Km 67 di ruas Jalan tol Cipularang yang akan melayani transaksi pembayaran menuju Cileunyi. Sistem transaksi pembayaran tol Jakarta–Cikampek akan mengalami perubahan dari yang sebelumnya menggunakan dua jenis sistem transaksi terbuka dan tertutup menjadi sistem transaksi terbuka keseluruhan.Sementara untuk mengantisipasi terjadinya penumpukan kendaraan saat transaksi pembayaran pada arus mudik Lebaran 2019, GT Cikampek Utama akan menambah jumlah gardu menjadi 21 gardu masuk atau 21 gardu keluar (one way). Kemudian pada GT Kalihurip Utama, juga akan disediakan 22 gardu masuk atau 22 gardu keluar (one way) serta mengoperasikan Mobile Reader.Relokasi juga dilakukan bersinergi dengan penyelesaian pembangunan jalan tol layang Jakarta–Cikampek Elevated, yang saat ini sedang masa konstruksi di sekitar GT Cikarang Utama. Pembangunan tol layang Cikampek berdampak terhadap penutupan enam gardu pembayaran yang lahannya digunakan untuk konstruksi pilar jalan tol sehingga pengoperasian GT Cikarang Utama menjadi tidak maksimal.Relokasi GT Cikarang Utama juga berkaitan dengan persiapan pengoperasian jalan tol layang Jakarta–Cikampek Elevated yang nantinya menggunakan satu kali transaksi pembayaran.(msd)"
67 Warga Dahanrejo Gresik Nyoblos Ulang Besok,"GRESIK - Komisi Pemilihan Umum (KPU) Kabupaten Gresik menggelar Pemungutan Suara Ulang (PSU) TPS 10 Dahanrejo, Kecamatan Kebomas, Gresik, Rabu (24/4/2019) besok. Sebanyak 267 warga akan memilih ulang pasangan calon presiden dan wakil presiden atau pilpres.“Iya, besok (Rabu, 24/4/2019) di TPS 10 Dahanrejo dilakukan coblos ulang. Karena, saat coblosan 17 April lalu ada tujuh suara misterius dari rombongan liar,” ujar Ketua Panitia Pemilihan Kecamatan (PPK) Kebomas, Habiburohman.Seperti diberitakan, saat coblosan 17 April berlangsung, sekitar pukul 12.40 WIB hadir rombongan dari luar daerah. Mereka mengaku dari luar kota, Pasuruan. Ada laki-laki dan perempuan, dengan yang laki-laki bercirikan di dahinya ada bekas hitam.Baca Juga:Gawagis Nusantara Ajak Umat Tak Terpancing People PowerJalan Berliku Pembangunan Alun-Alun SuroboyoMereka memaksa dapat mencoblos. Padahal, mereka hanya berbekal KTP elektronik saja. Tanpa menyertakan form A5 yang dipakai syarat pemilih yang tidak terdaftar dlam DPT untuk mencoblos.Ironisnya lagi, KPPS 10 Dahanrejo tidak dapat berbuat banyak, selain mengikuti kemauan rombongan liar tersebut. Karena mereka sempat mengancam mempidanakan KPPS yang melarang mencoblos.Habiburohman menambahkan, pihaknya telah menyiapkan segala keperluan untuk PSU yang akan dilaksanakan Rabu besok. Diantaranya, petugas KPPS mulai mendiskusikan pemberitahuan PSU (Form C6) kepada warga. Sedangkan malam ini akan dilakukan persiapan untuk logistik TPS. “Kami sudah mendistribusikan C6 untuk 267 DPT. Mereka terdiri dari 127 DPT laki-laki dan 140 DPT perempuan. Mereka akan menggunakan hak suaranya untuk pemilihan presiden saja,"" terangnya.Ketua KPU Kabupaten Gresik, Akhmad Roni menambahkan, bila semua persiapan untuk coblosan Pilpres di TPS 10 Desa Dahanrejo, Kecamatan Kebomas, Gresik sudah tuntas. Tinggal pelaksanaannnya saja.“Semoga besok tidak ada peristiwa lagi,” katanya(msd)"
BCI Asia Awards Beri Penghargaan 10 Arsitek dan 10 Developer,"JAKARTA - BCI Asia Awards ke 15 akan diadakan di tujuh negara Asia. Yakni, Hong Kong, Indonesia, Malaysia, Filipina, Singapura, Thailand, dan Vietnam.Penghargaan BCI Asia Award ini diberikan untuk mengapresiasi perusahaan pengembang dan konsultan arsitektur dalam membangun dan merancang bangunan-bangunan dengan volume terbesar di tujuh pasar tersebut.“Acara ini bertujuan untuk mendorong penciptaan arsitektur yang bertanggung jawab secara sosial,” kata National Research Manager Indonesia Cahyono Siswanto kepada pers di Jakarta, Selasa (23/4/2019). Cahyono didampingi Business Manager and Publishing Candice Lim, CEO BCI Asia Mathias Krups, dan General Manager of BCI Asia Jakarta, Indonesia Pietter Sanjaya.Baca Juga:Perkenalkan, Ini 12 Karya Fashion Teranyar Suqma X MelodyAvengers: Endgame Akan Tayang Besok, Ini 7 Fakta MenariknyaCahyono menjelaskan, BCI Asia Awards sebagai platform bagi jaringan kerja domestik dan internasional di antara para konsultan arsitektur, pengembangan properti, produsen dan penyedia layanan yang terbaik.Diketahui, dalam rangkaian acara BCI Asia Awards tahun 2019 ini, akan ada  top 10 arsitek dan pengembang yang mendapatkan penganugrahan penghargaan. Dimana 10 arsitek dan pengembang tersebut merupakan perusahaan yang memiliki nilai agregat terbesar dari sisi proyek yang tengah dibangun selama satu tahun terakhir berdasarkan tingkat keberlanjutan, serta peringkat bangunan hijau yang terkonfirmasi.“Ada pun kriteria untuk Top 10 Arsitek mencakup proyek-proyek dari tahap pra-tender hingga tahap awal pengkategorian untuk desain bangunan hijau. Para pemenang BCI Asia Awards 2019 diumumkan Selasa 23 April 2019,” jelas dia. Kesepuluh arsitek yang meraih penghargaan adalah PT AECOM Indonesia, PT Arimas Asri, PT Anggara Architeam, PT Arkonin, PT Duta Cermat Mandiri, OT Megatika Grahalestari Internasional, PT Pendega Desan Weharima (PDW), PT Prada Tata International (PTI) Architects, PT Quadratura Indonesia, dan PT Tetra Desaindo.Kemudian 10 developer yang meraih penghargaan adalah PT Adhi Commuter Properti, PT Astra Land Indonesia, PT Ciputra Development Tbk, PT Pakuwon Jati Tbk, PT Properti Tbk, Sinarmas Land, PT Summarecon Agung Tbk, PT Trans Property, PT Waskita Karya Realty, dan PT Wijaya Karya Realty. Menurut Cahyono, BCI sangat concern dengan karya arsitektur yang mendukung green design atau desain bangunan hijau. Yakni karya arsitektur yang samgat mempertimbangkan lingkungan dalam desainnya. Hal itu merupakan tanggungjawab sosial dari arsitektur dunia.“Pada ajang BCI Asia Award 2019 ini kami memberikan penghargaan kepada 10 arsitektur dan developer yang sedang sedang sedang berjalan (on going project)-nya. Kami menilai tidak hanya aspek komersial saja tapi juga aspek green building. Yakni, memikirkan apakah proyek ini berkontribusi terhadap sosial,” kata dia.Cahyono menjelaskan pihaknya mendorong penciptaan arsitektur yang bertanggung jawab secara sosial. Untuk kondisi saat ini, green building di Indonesia bukan yang paling buruk tapi juga bukan yang paling baik.“Pemenangnya selalu ada dari Indonesia. Arsitektur Indonesia cukup aware dengan green building. Total nominal nilai proyek untuk arsitektur keseluruhan senilai Rp33,7 triliun. Yakni project yang sedang di-handle dalam 1 tahun. Sedangkan developer yang riil jalan pada tahap konstruksi nominal proyek secara keseluruhan sebesar Rp15,7 triliun,” ungkap dia.Cahyono mengatakan, semakin konsisten sebuah arsitek dan developer dalam berkarya dan membangun maka semakin besar peluang masuk top ten. BCI menilai dari nilai konstruksi dan bukan nilai marketing proyek. “Indonesia dalam 3 tahun terlahir cenderung flat. Namun jika dibandingkan dengan situasi marketer yang juga flat jadi cukup wajar. Dari tahun ke tahun value (nilai) nya tidak jauh berbedam,” pungkas dia.(nth)"
"Reaksi Ahmad Dhani Setelah Dituntut 1,5 Tahun Penjara","SURABAYA - Sidang kasus dugaan ujaran kebencian dan pencemaran nama baik dengan terdakwa Ahmad Dhani memasuki agenda sidang tuntutan di Pengadilan Negeri (PN) Surabaya, Selasa (23/4/2019). Dalam sidang tersebut, Jaksa Penuntut Umum (JPU) Hari Basuki, pentolan grup band Dewa 19 itu dituntut pidana selama 1 tahun 6 bulan penjara.Sebelum masuk di ruang sidang Cakra, suami Mulan Jameela itu sempat berada lama di mobil tahanan Kejaksaan. Hal itu memicu kemarahan dari salah satu kuasa hukum Ahmad Dhani, Novi Manaban. Novi mempertanyakan alasan JPU yang membiarkan kliennya di dalam mobil tahanan. “Dia (Ahmad Dhani) bukan teroris. Kalau tidak dikeluarkan segera, kembalikan saja ke Medaeng,” teriak Novi.Setelah hampir 30 menit, JPU akhirnya mengeluarkan Dhani dari dalam mobil tahanan, menuju ruang sidang Cakra. Ditanya mengenai kabar dirinya, Dhani hanya menjawab “Salam ke BPN (Badan Pemenangan Nasional),” katanya singkat sambil berlalu menuju ruang sidang.Baca Juga:Perkenalkan, Ini 12 Karya Fashion Teranyar Suqma X MelodyAvengers: Endgame Akan Tayang Besok, Ini 7 Fakta MenariknyaDalam sidang ini, JPU Hari Basuki menyebut, perbuatan Ahmad Dhani yang memposting video blog atau disebut vlog yang memuat kata ‘idiot’, dianggap telah memenuhi unsur pidana sebagaimana tertuang dalam Pasal 45 ayat 3 Jo Pasal 27 ayat 3 UU Nomor 19 Tahun 2016 tentang Perubahan atas UU Nomoe 11 tahun 2008 tentang Informasi dan Transaksi Elektronik (ITE).Dalam pertimbangan JPU, adapun hal yang memberatkan, terdakwa tidak mengaku bersalah atas kasus yang didakwakan padanya. Perbuatan terdakwa juga menimbulkan rasa kebencian dan permusuhan dalam upaya hukum kasasi. Sedangkan hal yang meringankan, terdakwa bersikap sopan selama dalam persidangan.“Menuntut agar Majelis Hakim menjatuhkan pidana selama 1 tahun 6 bulan penjara,” kata Hari Basuki.Menanggapi tuntutan JPU, salah satu kuasa hukum Ahmad Dhani, Sahid mengaku akan menyusun pembelaan untuk kliennya. Pihaknya meminta waktu selama dua minggu untuk memantabkan pledoi (pembelaan). “Kami akan siapkan pledoi bagi klien kami,” katanya.Usai menjalani persidangan, Dhani yang kembali dibawa ke mobil tahanan pun berteriak. “Prabowo menang,” teriaknya. Bahkan dirinya juga berpesan kepada BPN untuk menjaga dan mengawal Komisi Pemilihan Umum (KPU). “Masyarakat dan rakyat alam semesta mengawal KPU. Itu pesan saya kepada BPN untuk membuat suatu forum rakyat mengawasi KPU,” kata Dhani sembari menuju mobil tahanan.(msd)"
PT BSI Raih Penghargaan Reklamasi dan Lahan Kompensasi dari KLHK,"BANYUWANGI - PT Bumi Suksesindo (BSI) selaku pengelola tambang emas di Banyuwangi, menerima penghargaan Reklamasi dan Lahan Kompensasi dari Kementerian Lingkungan Hidup dan Kehutanan (KLHK) Republik Indonesia.Penyerahan penghargaan ini bersamaan dengan gelaran Rapat Koordinasi Nasional Reklamasi Hutan dan Rehabilitasi Daerah Aliran Sungai (DAS) pada 23–24 April 2019 di Auditorium Dr. Soedjarwo, Gedung Manggala Wanabakti, Jalan Gatot Subroto, Senayan, Jakarta.  Mengenai program reklamasi di perusahaannya, Direktur PT BSI, Boyke Abidin, menegaskan bahwa pihaknya telah menjalankan program reklamasi di wilayah tambangnya secara progresif sejak pertama kali dibuka pada 2015. Dengan cara ini, hingga Maret 2019, PT BSI telah menyelesaikan reklamasi seluas 39,4 hektare. ""Kami melaksanakan kegiatan reklamasi secara progresif. Sejak lahan dibuka, reklamasi pun mulai—tidak menunggu pascatambang,"" terang Boyke. Baca Juga:Perkenalkan, Ini 12 Karya Fashion Teranyar Suqma X MelodyAvengers: Endgame Akan Tayang Besok, Ini 7 Fakta MenariknyaHal ini sejalan dengan komitmen PT BSI untuk menjadi perusahaan tambang yang taat aturan dalam menjalankan kegiatan operasionalnya. ""Pengelolaan sumber daya alam secara bertanggung jawab, taat hukum, dan menerapkan prinsip-prinsip penambangan yang baik merupakan tekad kami (BSI),"" kata Direktur PT BSI itu. Selain melaksanakan kegiatan reklamasi secara terus-menerus, perusahaan juga telah memenuhi kewajiban jaminan reklamasi sebesar Rp58,6 miliar untuk periode 2015–2019. Di bidang sosial, PT BSI terus mengembangkan program-program kemasyarakatan melalui corporate social responsibility (CSR). Program-program ini menyasar kebutuhan masyarakat sekitar perusahaan, seperti kesehatan, pendidikan, ekonomi, dan infrastruktur.  ""Untuk program sosial, kami memilih program-program yang berkesinambungan dan bermanfaat bagi masyarakat banyak,"" kata Boyke. Kegiatan yang diselenggarakan oleh Direktorat Jenderal Pengendalian Daerah Aliran Sungai dan Hutan Lindung (PDASHL) Kementerian Lingkungan Hidup dan Kehutanan (KLHK) ini mengambil tema ""Ramah Menambang, Alam Seimbang, Rakyat Senang"". PT BSI merupakan salah satu perusahaan tambang yang menerima penghargaan dalam acara ini.PT Bumi Suksesindo (BSI) merupakan perusahaan pertambangan Penanaman Modal Dalam Negeri (PMDN), yang berdasarkan Keputusan Bupati Banyuwangi No. 188/547/KEP/429.011/2012 tanggal 9 Juli 2012 BSI telah  memiliki Izin Usaha Pertambangan Operasi Produksi  (IUP OP) seluas 4.998 ha. Terletak di Desa Sumberagung, Kecamatan Pesanggaran, Kabupaten Banyuwangi, Provinsi Jawa Timur dengan kegiatan utama saat ini terfokus pada unit bisnis produksi emas dan tembaga di Tujuh Bukit Operation atau yang lebih dikenal dengan sebutan Tumpang Pitu. Kualitas sumber daya mineral pada Tujuh Bukit Operation diakui negara sebagai aset dengan nilai sangat strategis. BSI kemudian ditetapkan sebagai Obyek Vital Nasional (Obvitnas) pada tanggal 26 Februari 2016.BSI memulai produksi pada lapisan oksida dengan penambangan bijih (ore) perdana per tanggal 1 Desember 2016, sekaligus menandai peralihan kegiatan perusahaan dari tahap pembangunan (konstruksi) ke tahap produksi (operasi). Pada kuartal pertama (17 Maret 2017) Tujuh Bukit Operation berhasil memproduksi sebesar 25.063 oz emas dan 6.420 oz perak. Menerapkan konsep green mining, semua aktivitas di tambang emas Tujuh Bukit sangat terbuka untuk kepentingan publik sesuai batasan peraturan perundang-undangan. Pelaksanaan aktivitas teknikal, operasional, administratif  dan hubungan eksternal lainnya dilakukan oleh BSI dengan melibatkan sekitar 1.500 karyawan dimana 99% adalah WNI dan hampir 62% merupakan anak-anak muda Kabupaten Banyuwangi.(eyt)"
"Perkenalkan, Ini 12 Karya Fashion Teranyar Suqma X Melody","SURABAYA - Suqma yang menyuguhkan desain hasil karya desainer muda Indonesia, Jenahara Nasution, terus melakukan eksplorasi dan menghadirkan produk-produk teranyar. Kali ini Suqma yang merupakan salah satu modest fashion brand Indonesia, menggandeng mantan leader JKT48 Melody Nurramdhani Laksani, dan berhasil menerjemahkan sosok Melody melalui fashion kekinian.Karya-karya fashion spektakuler bertema ""Beautiful in Person"" ini, sudah bisa dijumpai di gerai Suqma di Tunjungan Plaza Surabaya. Baca Juga:Perkenalkan, Ini 12 Karya Fashion Teranyar Suqma X MelodyAvengers: Endgame Akan Tayang Besok, Ini 7 Fakta MenariknyaCreative Director SUQMA Jenahara Nasution, menjelaskan, tema tersebut merupakan koleksi kolaborasi Suqma dengan Melody yang terinspirasi dari personality Melody dan diturunkan ke-12 karya fashion, melalui pattern dan juga tone color yang khas.""Melody merupakan sosok yang memiliki karakter feminine, simple, warm serta dinamis,"" katanya disela-sela pembukaan gerai toko di Tunjungan Plaza Surabaya, Selasa (23/4/2019).Selain untuk menjaga brand statment, dibukanya gerai di kota pahlawan ini juga untuk memberikan pilihan produk fashion para wanita muslim yang ingin tampil cantik dengan kualitas desain dan produksi kelas dunia, namun dengan harga yang terjangkau.Jenahara menuturkan, hingga saat ini Suqma terus memberikan sentuhan hasil karya fashion desagner yang autentice, genuine serta berkarakter. Penggunaan warna pastel dan monochrome juga mendominasi warna setiap koleksi yang disuguhkan.""Inilah yang menjadi salah satu alasan kami menggandeng Melody. Kami merancang 12 koleksi kolaborasi ini dan menjadikan sebagai pilihan produk yang dapat dimiliki di seluruh Store Suqma mulai dari blouse, outer, celana, hijab square hingga dress,"" tuturnya.Beberapa koleksi produk Suqma X Melody yang tak kalah dengan produk asing itu diantaranya Alenka Dress Black, Drina Dress Navy, Jarvis Out Boho Print, Rania Blouse, Dalaris Shirt Grey, Derska Outer Olive, Caley Shirt Beige, Round Neck, Ohio Pants Maple, Qena Hijab Square, Cairo Hijab Square dan Tanis Hijab Square.CEO Suqma and Muslimarket.com, Riel Tasmaya mengungkapkan, Suqma berkomitmen penuh memajukan industri fashion muslim Indonesia. Kedepan akan lebih banyak kota yang Suqma jajaki untuk membuktikan bahwa produk Indonesia juga tidak kalah diminati dibanding produk-produk asing.""Surabaya adalah kota kedua yang kami pilih untuk memasarkan produk-produk Suqma. Namun, ke depannya akan lebih banyak kota yang kami jajaki, karena kami mau membuktikan bahwa produk Indonesia juga tidak kalah diminati dibanding produk-produk asing,"" ungkap dia.Dalam menjalanakan komitmennya, Suqma berpartner dengan PT Sri Rejeki Islam (SRITEX) sebagai the biggest integrated vertical textile yang sudah berkembang di pasar internasional.Dalam kesempatan yang sama, Melody Nurramdhani Laksani mengaku mendapatkan kehormatan bisa berkolaborasi dengan Suqma. Kolaborasi itu menjadi pengalaman pertama di sepanjang karir hidupnya.""Ini adalah pengalaman dan kehormatan yang sangat berarti bagi saya untuk bisa bekerja sama dan berkolaborasi dengan Suqma. Karena bagi saya, Suqma adalah brand yang benar-benar menggambarkan sekaligus menerjemahkan siapa sosok saya,"" pungkas Melody.(eyt)"
"Avengers: Endgame Akan Tayang Besok, Ini 7 Fakta Menariknya","JAKARTA - Bagi para penggemar Marvel Cinematic Universe (MCU), besok Rabu (24/4/2019) bakal menjadi hari yang paling dinantikan untuk menikmati sajian terbaru dari MCU. Di hari tersebut, film yang mereka nantikan, Avengers: Endgame mulai tayang di bioskop kesayangan Anda. Banyak harapan dan rasa penasaran muncul di film ini.Bagi penggemar MCU, khususnya Avengers, film ini bakal menjawab apa yang akan terjadi pada para pahlawan kesayangan mereka usai peristiwa di Avengers: Infinity War. Baca Juga:Perkenalkan, Ini 12 Karya Fashion Teranyar Suqma X MelodyAvengers: Endgame Akan Tayang Besok, Ini 7 Fakta MenariknyaDi film yang dirilis pada 2018 itu, sejumlah rekan mereka turut berubah menjadi pasir setelah Thanos yang berhasil mendapatkan 6 Batu Keabadian, dan mengenakan Sarung Tangan Keabadian menjentikkan jarinya. Peristiwa itu menyebabkan separuh populasi semesta.Di Avengers: Endgame, para pahlawan Avengers yang tersisa dan sekutunya bakal berusaha membalikkan apa yang telah dilakukan Thanos. Mereka akan memburu Mad Titan itu dan merebut Batu Keabadian utnuk digunakan dalam misi mereka. Tentu saja, ini akan menarik. Secara kekuatan, Avengers sepertinya kalah jauh dari Thanos yang sejauh ini merupakan penjahat terkuat di MCU. Namun, itu tidak menutup kemungkinan mereka akan mengalahkannya di Endgame. Berikut fakta menarik seputar Avengers: Endgame yang diolah SINDOnews.com.1. Cerita Avengers: EndgameSinopsis resmi Avengers: Endgame berbunyi: Setelah peristiwa yang menghancurkan di Avengers: Infinity War (2018), semesta kembali kacau akibat upaya Mad Titan, Thanos. Dengan bantuan sekutu yang tersisa, Avengers harus kembali bersatu untuk membatalkan aksi Thanos dan mengembalikan peraturan alam semesta sekali dan untuk semuanya, apa pun itu konsekuensinya.2. Durasi film 3 jam lebihAvengers: Endgame bakal menjadi film terpanjang dalam sejarah MCU. Film ini memiliki durasi 181 menit alias 3 jam 1 menit. Menurut duo sutradaranya, Anthony dan Joe Russo, durasi itu lebih panjang dari editor’s cut yang mereka lakukan.3. Kostum baruDi Avengers: Endgame, 6 personel asli Avengers dan sekutunya bakal mengenakan kostum baru. Kostum itu diduga dipakai Avengers untuk membalikkan jentikan jari Thanos dengan cara masuk ke Dunia Kuantum atau pun melakukan perjalanan menembus waktu. Belum diketahui kebenaran teori ini karena Marvel sangat menutup rapat plot cerita Avengers: Endgame.4. Captain MarvelCaptain Marvel bakal menjadi salah satu kunci penting dalam misi Avengers untuk mengalahkan Thanos. Di film solonya yang dirilis Maret lalu, Carol Danvers membuktikan dirinya sebagai pahlawan terkuat yang pernah ada di jagat film Marvel. Dia pun sangat percaya diri mampu mengalahkan Thanos di Avengers: Endgame. Benarkah?5. Akhir dari perjalanan Phase 3 MCU?Avengers: Endgame disebut bakal mengakhiri Phase 3 MCU. Fase ini diawali dengan Captain America: Civil War pada 2016 silam. Avengers: Endgame disebut bakal menjadi penampilan terakhir sejumlah tokoh sentral, seperti Iron Man, Captain America, Thor dan lain-lain. Namun, bos Marvel Studios Kevin Feige menuturkan, Avengers: Endgame bukan akhir Phase 3 MCU. Film ini adalah akhir dari Infinity Saga yang sudah tampil di MCU selama 11 tahun terakhir ini.6. Pecahkan rekorAvengers: Endgame adalah film yang memecahkan sejumlah rekor dunia. Trailer pertama film ini yang dirilis pada Desember 2018 langsung menembus angka 289 juta views dalam 24 jam pertama. Angka ini melampaui rekor yang dicapai trailer pertama Infinity War pada 2018 yang meraih 230 juta views. Selain itu, trailer kedua Endgame yang dirilis pada Maret lalu menembus 268 juta views dalam 24 jam pertama.7. Tiket ludesAvengers: Endgame jelas merupakan salah satu film yang paling diantisipasi tahun ini. Antusiasme yang tinggi membuat penjualan tiket ini sangat dinantikan para penggemarnya. Dan, pada presale, dalam 6 jam pertama pembukaannya, tiket film ini langsung diserbu para penggemarnya. Penjualan awal atau presale film ini memecahkan rekor yang pernah dicapai Star Wars: The Force Awakens dan juga prekuelnya, Infinity War. Menjelang pemutarannya di Indonesia, penggemar juga langsung menyerbu presale film ini. Sebagian besar memilih hari-hari pertama pemutarannya. Sementara terlihat juga banyak studio yang sudah sold out tiketnya untuk film ini.(eyt)"
"Bersama BNPT, Pemprov Jatim Bersinergi Hambat Paham Radikalisme","SURABAYA - Pemerintah Provinsi (Pemprov) Jawa Timur (Jatim) bersama Badan Nasional Penanggulangan Terorisme (BNPT) mengintegrasikan dan mengidentifikasi kerawanan sosial.Kerawanan-kerawanan sosial tersebut, diduga menjadi salah satu pemicu masuknya paham radikalisme hingga terorisme.Hal tersebut disampaikan Wakil Gubernur Jatim, Emil Elestianto Dardak saat menghadiri Silaturahmi Tim Pelaksana Sinergitas Kementerian/Lembaga dengan Pemprov Jatim dalam rangka Koordinasi dan Pelibatan secara Terpadu Pelaksanaan Penanggulangan Terorisme di wilayah Jatim tahun 2019 di Kantor Gubernur Jalan Pahlawan Nomor 110 Surabaya, Selasa (23/4/2019).Baca Juga:Kasus Kematian Ibu dan Bayi di Jatim Masih TinggiBersama BNPT, Pemprov Jatim Bersinergi Hambat Paham RadikalismeEmil mengatakan, pendekatan untuk mengintegrasikan kerawanan sosial tidak hanya di hilir, melainkan harus mampu di jangkau pada sisi hulunya. Termasuk aspek kemiskinan, ideologi maupun penciptaan lapangan pekerjaan. Sebab, apa yang ditangani di hulu bukan hanya soal terorisme. Tetapi bagaimana cara membangun masyarakat dengan cara memanusiakannya. ""Kami akan mengoptimalkan energi yang ada di kalangan anak muda, bahkan di kalangan terpelajar untuk diberikan ruang secara produktif,"" ujarnya.Alasannya, lanjut dia, jika kalangan muda tidak dibekali ruang produktif, mereka bisa terprovokasi oleh faham radikal. Apalagi pengetahuan faham itu dapat diperoleh dengan mudah di dunia maya. Upaya mengoptimalkan energi pada generasi milenial adalah lewat kewirausahaan. Ini dilakukan melalui akses kerjasama dengan start up yang ada di seluruh Indonesia, khususnya di Jatim. ""Artinya, pekerjaan tidak lagi dicari di kantor, tetapi pekerjaan ini dicari dalam konsep freelance dengan pendapatan yang lebih besar,"" urainya.Sementara berdasarkan data yang ada menyebutkan, lulusan SMA menjadi penyumbang terbesar pengangguran saat ini. Tercatat tingkat pengangguran terbuka terdapat pada rentan golongan usia 15-24 tahun. ""Melihat data tersebut, bisa diartikan bahwa banyak lulusan SMA yang tidak bekerja. Hal ini menyebabkan kemungkinan terjadinya rasa frustrasi di kalangan terpelajar. Dan, jika tidak diantisipasi lewat pemberian ruang kerja yang nyata dapat menimbulkan kerawanan sosial baru,"" ungkapnya.Kepala BNPT Komjen Pol Drs Suhardi Alius mengapresiasi langkah Pemprov Jatim dalam mengidentifikasi permasalahan teroris. Salah satunya disebabkan faktor kemiskinan, ideologi dan akses pekerjaan bagi generasi muda. Pihaknya sependapat bahwa, generasi muda yang tidak didampingi pemerintah dalam hal ideology, sangat rentan disusupi faham radikalisme. ""Kami bersama kementerian atau lembaga  terkait akan melakukan pendekatan mulai dari hulu hingga hilir. Khusus di Jatim, kami akan menyasar lima daerah. Antara lain Sidoarjo, Probolinggo, Surabaya, Malang, dan Lamongan,"" terangnya.(eyt)"
Gawagis Nusantara Ajak Umat Tak Terpancing People Power,"SURABAYA - Forum Silaturahmi Gawagis Nusantara berharap, masyarakat khususnya para santri tetap tenang dan tidak terpancing dengan maraknya ajakan gerakan people power.Gerakan people power tersebut, salah satunya disuarakan Habib Rizieq Shihab. Kondisi Indonesia saat ini sangat damai dan aman, sehingga tidak ada urgensinya melakukan people power.""Saya kira tidak ada urgensinya (people power). Kondisi saat ini berbeda dengan 1998 atau 1966 saat keluarnya Supersemar. Di mana Soeharto, dan Soekarno jatuh akibat gerakkan rakyat,"" kata Ketua Forum Silaturahmi Gawagis Nusantara, KH Maksum Faqih, Selasa (23/4/2019).Baca Juga:Gawagis Nusantara Ajak Umat Tak Terpancing People PowerJalan Berliku Pembangunan Alun-Alun SuroboyoSebelumnya, sebuah video viral di media sosial, Rizieq Shihab mengajak umat Islam bersatu melakukan people power. Aksi itu bertujuan mengganti rezim. Rizieq Shihab mengatakan, people power merupakan gerakkan konstitusional dan pernah dilakukan saat menjatuhkan Soekarno dan Soeharto. ""Indonesia saat ini sangat stabil, tidak ada ketegangan. Ketertiban masyarakat juga terjaga. Begitu juga toleransi antar umat dan masyarakat juga terjamin. Sehingga tidak ada alasan untuk melakukan people power,"" kata Gus Maksum, panggilan karib KH Maksum Faqih.Putra KH Abdullah Faqih, Langitan, Tuban ini menambahkan, guna menjaga persatuan bangsa, para kiai dan ulama sepuh di Jawa Timur (Jatim) juga telah bersatu. Mereka yang saat pemilihan presiden mendukung pasangan calon 01 dan 02 juga telah bertemu paska pilpres. Bersatunya para kiai dan ulama pendukung 01 dan 02 itu juga telah ditindaklanjuti dengan upaya untuk menggerakkan santri meredam situasi di bawah. Sehingga paska pilpres kondisi masyarakat bisa kembali tenang.""Kiai-kiai sudah mencoba meredam situasi. Dua kubu yang selama ini berbeda telah bertemu sudah mulai tenang sudah mulai menyatu, mulai kembali lagi pada tugas masing-masing mengayomi, menjaga umat dan membimbing masyarakat,"" ujar Gus Maksum.Apalagi, saat ini menjelang bulan ramadhan. Sehingga umat Islam diimbau untuk lebih menjaga diri dan tidak terprovokasi dengan ajakan-ajakan yang berpotensi memecah belah persatuan umat dan ketenangan bangsa. ""Jelang Ramadhan ini, mari kita lebih fokus beribadah mendekatkan diri pada Allah. Lebih baik kita sambut Ramadhan yang penuh keberkahan ini dengan hati yang tenang jangan mudah terprovokasi,"" pungkas kata Gus Maksum.(eyt)"
Jalan Berliku Pembangunan Alun-Alun Suroboyo,"SURABAYA - Rencana pembangunan alun-alun Suroboyo harus melalui jalan berliku. Setelah kalah banding dari PT Maspion di Pengadilan Tata Usaha Negara Jawa Timur, Pemkot Surabaya mengambil upaya hukum.Langkah ini ditempuh untuk tetap mempertahankan aset pemkot di Jalan Pemuda 17. Rencana pembangunan ruang publik berupa alun-alun Suroboyo mendapat dukungan dari berbagai pihak. Selain dari warga Surabaya, para akademisi juga ikut mendukung upaya mengembalikan fungsi ruang publik di lahan yang lama bersengketa itu.Pakar Tata Kota Institut Teknologi Sepuluh Nopember (ITS) Surabaya Haryo Sulistyarso menuturkan, pihaknya sepakat dengan rencana Pemkot Surabaya membangun ruang publik untuk kegiatan positif masyarakat, seperti alun-alun Suroboyo. Walaupun, pembangunan alun-alun itu masih terkendala dengan masalah lahan di Jalan Pemuda 17, namun begitu dia berharap pemkot bisa mempertahankan lahan tersebut.Baca Juga:Perkenalkan, Ini 12 Karya Fashion Teranyar Suqma X MelodyAvengers: Endgame Akan Tayang Besok, Ini 7 Fakta Menariknya“Saya berharap jangan sampai ini lepas dari kendali kita. Sayang sekali menurut saya, karena itu dahulu riwayatnya merupakan aset pemkot,” kata Haryo, Selasa (23/4/2019).Dia melanjutkan, pemkot harus lebih intens lagi menjaga aset. Tujuannya, agar tidak ada lagi lahan atau aset pemkot yang menjadi sengketa. Pemkot juga harus lebih bijak lagi menyikapi antara kepentingan aset untuk masyarakat, pengusaha swasta, dan beberapa orang yang punya kepentingan.“Saya mendukung pembangunan-pembangunan untuk publik space, namun kembali lagi, pemkot harus berjuang mengupayakan itu,” kata dia.Haryo juga menjelaskan, jalur hukum memang harus ditempuh untuk mempertahankan aset tersebut. Apalagi rekam sejarah lahan milik Surabaya itu sudah ada sejak dulu. “Saya sangat mendukung direalisasinya fasilitas publik ruang terbuka hijau, taman-taman, tempat bermain, alun-alun. Saya tekankan sekali lagi, sangat disayangkan kalau aset-aset pemkot lepas,” ungkapnya.Sementara itu, Arsitektur dan Perencanaan Wilayah Kota Universitas Kristen Petra, Benny Poerbantanoe menjelaskan, rencana pembangunan ruang terbuka publik berupa alun-alun Suroboyo sangat dibutuhkan warga di Kota Pahlawan.“Kalau bicara arsitektur, alun-alun itu biasanya dikelilingi kantor kabupaten, masjid, penjara, dan tempat belanja,” kata Benny.Menurut dia, kawasan Balai Pemuda ini dinilai wilayah yang strategis. Berperan sebagai gerbang menuju Kantor Balai Kota, dan menjadi entry poin kota. Bangunan Balai Pemuda ini dapat mengatur komposisi simetri dan bangunan yang bentuknya laras.“Jadi di utara ada poros di bagian Jalan Yos Sudarso, kemudian dijemput Jalan Panglima Sudirman. Sebuah persimpangan biasanya punya peran khusus, yakni gerbang akan menganut komposisi simetri ada bangunan yang bentuknya laras, dan paling penting tidak kehilangan entry poin,” jelasnya.Tak hanya membahas seputar bentuk dan istilah bangunan, Benny juga mendorong Pemkot Surabaya agar mempertahankan aset pemerintah itu. Langkah hukum harus ditempuh untuk merebut aset yang sudah selayaknya menjadi milik pemkot. Akan tetapi, jika jalur hukum belum berhasil, Pemkot dan PT Maspion seharusnya mencari jalan tengah agar semuanya tetap berjalan. “Ya lanjutkan jangan mau kalah. Kita harus melanjutkan, jalur hukum tetap ditempuh. Coba direbut, kalau pun tetap buntu, coba kompromi,” jelas dia.Kepala Dinas Pengelolaan Bangunan dan Tanah Kota Surabaya Maria Theresia Ekawati Rahayu memastikan akan terus menempuh langkah hukum untuk menyelamatkan aset Jalan Pemuda 17 itu. Namun begitu, ia mengaku akan terus berkoordinasi dengan pihak pengacara Pemkot Surabaya dan pengacara negara atau kejaksaan. “Selanjutnya, pasti pemkot ambil langkah hukum. Nanti kami akan berkoordinasi dulu dengan pengacara pemkot dan pengacara negara yang dalam hal ini pihak kejaksaan,” kata dia.Dia melanjutkan, aset Jalan Pemuda 17 itu rencananya akan dibangun alun-alun Suroboyo yang nantinya juga akan dimanfaatkan oleh masyarakat luas. Dengan adanya alun-alun ini, maka akan banyak ruang-ruang publik di Surabaya yang bisa dikunjungi oleh warga. “Kami semua berharap permasalahan ini segera selesai, sehingga pembangunan alun-alun itu bisa segera dilakukan dan bisa dinikmati,” kata dia.(nth)"
